Resolution,Bitrate_kbps,VMAF
144p,128,94.102269
240p,307,94.384090
360p,658,94.726845
480p,1067,95.005720
720p,1926,95.422495
1080p,4759,95.597725

